shape,round,order,variant,mode,cfvst,kdb,vpf,repeat,ms
b1_s4096_hq32_hkv8_d128_bf16,1,1,cfvst_klds_vpf,full,1,1,1,50,1.070643234
b1_s4096_hq32_hkv8_d128_bf16,1,2,baseline,legacy,0,0,0,50,1.287451324
b1_s4096_hq32_hkv8_d128_bf16,1,3,cfvst_klds,klds,1,1,0,50,1.100247955
b1_s4096_hq32_hkv8_d128_bf16,1,4,cfvst,legacy,1,0,0,50,1.117090149
b1_s4096_hq32_hkv8_d128_bf16,1,5,cfvst_vpf,vpf,1,0,1,50,1.098068466
b1_s4096_hq32_hkv8_d128_bf16,2,1,cfvst_vpf,vpf,1,0,1,50,1.097919388
b1_s4096_hq32_hkv8_d128_bf16,2,2,baseline,legacy,0,0,0,50,1.282568054
b1_s4096_hq32_hkv8_d128_bf16,2,3,cfvst,legacy,1,0,0,50,1.114510727
b1_s4096_hq32_hkv8_d128_bf16,2,4,cfvst_klds,klds,1,1,0,50,1.095581284
b1_s4096_hq32_hkv8_d128_bf16,2,5,cfvst_klds_vpf,full,1,1,1,50,1.068259964
b1_s4096_hq32_hkv8_d128_bf16,3,1,baseline,legacy,0,0,0,50,1.286819153
b1_s4096_hq32_hkv8_d128_bf16,3,2,cfvst,legacy,1,0,0,50,1.120022354
b1_s4096_hq32_hkv8_d128_bf16,3,3,cfvst_klds_vpf,full,1,1,1,50,1.068151703
b1_s4096_hq32_hkv8_d128_bf16,3,4,cfvst_klds,klds,1,1,0,50,1.099070740
b1_s4096_hq32_hkv8_d128_bf16,3,5,cfvst_vpf,vpf,1,0,1,50,1.102454605
b1_s4096_hq32_hkv8_d128_bf16,4,1,cfvst_vpf,vpf,1,0,1,50,1.099586487
b1_s4096_hq32_hkv8_d128_bf16,4,2,cfvst,legacy,1,0,0,50,1.118045959
b1_s4096_hq32_hkv8_d128_bf16,4,3,baseline,legacy,0,0,0,50,1.286985321
b1_s4096_hq32_hkv8_d128_bf16,4,4,cfvst_klds,klds,1,1,0,50,1.094791412
b1_s4096_hq32_hkv8_d128_bf16,4,5,cfvst_klds_vpf,full,1,1,1,50,1.069236450
b1_s4096_hq32_hkv8_d128_bf16,5,1,baseline,legacy,0,0,0,50,1.288803253
b1_s4096_hq32_hkv8_d128_bf16,5,2,cfvst_vpf,vpf,1,0,1,50,1.097385406
b1_s4096_hq32_hkv8_d128_bf16,5,3,cfvst_klds_vpf,full,1,1,1,50,1.069222946
b1_s4096_hq32_hkv8_d128_bf16,5,4,cfvst,legacy,1,0,0,50,1.118194351
b1_s4096_hq32_hkv8_d128_bf16,5,5,cfvst_klds,klds,1,1,0,50,1.094977417
