"Kind","Agent_Id","Queue_Id","Stream_Id","Thread_Id","Dispatch_Id","Kernel_Id","Kernel_Name","Correlation_Id","Start_Timestamp","End_Timestamp","LDS_Block_Size","Scratch_Size","VGPR_Count","Accum_VGPR_Count","SGPR_Count","Workgroup_Size_X","Workgroup_Size_Y","Workgroup_Size_Z","Grid_Size_X","Grid_Size_Y","Grid_Size_Z"
"KERNEL_DISPATCH","Agent 1",1,0,40862,1,11,"__amd_rocclr_copyBuffer",1,9690311667860,9690311673593,0,0,16,0,32,512,1,1,512,1,1
"KERNEL_DISPATCH","Agent 1",1,0,40862,2,11,"__amd_rocclr_copyBuffer",2,9690314992904,9690314998035,0,0,16,0,32,512,1,1,512,1,1
"KERNEL_DISPATCH","Agent 1",1,0,40862,3,11,"__amd_rocclr_copyBuffer",3,9690315025444,9690315029092,0,0,16,0,32,512,1,1,512,1,1
"KERNEL_DISPATCH","Agent 1",1,0,40862,4,11,"__amd_rocclr_copyBuffer",4,9690315053590,9690315057358,0,0,16,0,32,512,1,1,512,1,1
"KERNEL_DISPATCH","Agent 1",1,0,40862,5,11,"__amd_rocclr_copyBuffer",5,9690315075023,9690315078871,0,0,16,0,32,512,1,1,512,1,1
"KERNEL_DISPATCH","Agent 1",1,0,40862,6,11,"__amd_rocclr_copyBuffer",6,9690315091769,9690315095618,0,0,16,0,32,512,1,1,512,1,1
"KERNEL_DISPATCH","Agent 1",1,0,40862,7,11,"__amd_rocclr_copyBuffer",7,9690315111352,9690315115201,0,0,16,0,32,512,1,1,512,1,1
"KERNEL_DISPATCH","Agent 1",1,0,40862,8,11,"__amd_rocclr_copyBuffer",8,9690315131176,9690315135025,0,0,16,0,32,512,1,1,512,1,1
"KERNEL_DISPATCH","Agent 1",1,0,40862,9,11,"__amd_rocclr_copyBuffer",9,9690315149629,9690315152957,0,0,16,0,32,512,1,1,512,1,1
"KERNEL_DISPATCH","Agent 1",1,0,40862,10,11,"__amd_rocclr_copyBuffer",10,9690315166856,9690315170344,0,0,16,0,32,512,1,1,512,1,1
"KERNEL_DISPATCH","Agent 1",1,0,40862,11,11,"__amd_rocclr_copyBuffer",11,9690315185005,9690315188693,0,0,16,0,32,512,1,1,512,1,1
"KERNEL_DISPATCH","Agent 1",1,0,40862,12,11,"__amd_rocclr_copyBuffer",12,9690315202437,9690315206205,0,0,16,0,32,512,1,1,512,1,1
"KERNEL_DISPATCH","Agent 1",1,0,40862,13,11,"__amd_rocclr_copyBuffer",13,9690315219451,9690315223179,0,0,16,0,32,512,1,1,512,1,1
"KERNEL_DISPATCH","Agent 1",1,0,40862,14,14,"aiter::fmha_fwd_hd128_bf16_causal_rtne",14,9690316104715,9690321508551,65536,0,32,224,112,512,1,1,4096,32,16
